date, pm25, pm10, o3, no2, so2, co
2022/2/12, 46, , 31, , 14, 4
2022/2/13, 38, , 44, , 3, 5
2022/2/14, 33, , 46, , 6, 6
2022/2/15, 42, , 39, , 9, 4
2022/2/16, 43, , 73, , 16, 5
2022/2/17, 62, , 46, , 18, 6
2022/2/18, 63, , 27, , 19, 6
2022/2/19, 58, , 29, , 16, 5
2022/2/20, 43, , 24, , 14, 5
2022/2/21, 38, , 32, , 16, 5
2022/2/22, 39, , 37, , 20, 7
2022/2/23, 80, , 38, , 15, 7
2022/2/24, 73, , 13, , 7, 4
2022/2/25, 21, , , , , 
2022/1/4, 54, , 56, , 12, 5
2022/1/5, 49, , 29, , 6, 3
2022/1/6, 17, , , , , 
2021/10/2, 64, , 54, , 8, 10
2021/10/3, 53, , 40, , 14, 7
2021/10/4, 38, , 26, , 18, 8
2021/10/5, 63, , 37, , 14, 7
2021/10/6, 56, , 31, , 12, 8
2021/10/7, 63, , 29, , 22, 7
2021/10/8, 61, , 38, , 12, 7
2021/10/9, 65, , 41, , 9, 7
2021/10/10, 51, , 21, , 15, 8
2021/10/11, 50, , 34, , 22, 9
2021/10/12, 61, , 37, , 15, 9
2021/10/13, 56, , 45, , 9, 8
2021/10/14, 56, , 36, , 12, 9
2021/10/15, 67, , 42, , 15, 9
2021/10/16, 61, , 34, , 16, 8
2021/10/17, 50, , 39, , 6, 8
2021/10/18, 47, , 52, , 6, 9
2021/10/19, 48, , 53, , 8, 7
2021/10/20, 59, , 43, , 9, 9
2021/10/21, 57, , 42, , 7, 9
2021/10/22, 47, , 38, , 9, 8
2021/10/23, 48, , 46, , 3, 9
2021/10/24, 45, , 94, , 6, 8
2021/10/25, 45, , 73, , 8, 9
2021/10/26, 51, , 38, , 16, 8
2021/10/27, 56, , 53, , 7, 9
2021/10/28, 59, , 68, , 6, 8
2021/10/29, 57, , 37, , 6, 10
2021/10/30, 53, , 55, , 6, 10
2021/10/31, 60, , 47, , 4, 9
2021/11/1, 53, , 42, , 3, 9
2021/11/2, 56, , 42, , 4, 6
2021/11/3, 30, , 54, , 4, 7
2021/11/4, 39, , 48, , 5, 7
2021/11/5, 46, , 12, , 9, 5
2021/11/6, 36, , 38, , 5, 5
2021/11/7, 58, , 39, , 4, 4
2021/11/8, 52, , 44, , 4, 5
2021/11/9, 43, , 35, , 3, 4
2021/11/10, 24, , 32, , 4, 4
2021/11/11, 40, , 65, , 6, 5
2021/11/12, 49, , 48, , 3, 3
2021/11/13, 45, , 34, , 5, 3
2021/11/14, 51, , 50, , 3, 2
2021/11/15, 45, , 41, , 4, 3
2021/11/16, 39, , 33, , 5, 4
2021/11/17, 41, , 45, , 3, 3
2021/11/18, 31, , 44, , 3, 2
2021/11/19, 33, , 31, , 3, 2
2021/11/20, 29, , 40, , 3, 3
2021/11/21, 36, , 52, , 5, 3
2021/11/22, 48, , 44, , 4, 3
2021/11/23, 35, , 33, , 4, 4
2021/11/24, 39, , 40, , 3, 5
2021/11/25, 37, , 30, , 6, 8
2021/11/26, 54, , 51, , 5, 9
2021/11/27, 60, , 59, , 6, 9
2021/11/28, 56, , 67, , 6, 6
2021/11/29, 39, , 36, , 3, 5
2021/11/30, 38, , 43, , 5, 7
2021/12/1, 53, , 46, , 9, 9
2021/12/2, 68, , 44, , 9, 6
2021/12/3, 57, , 50, , 7, 7
2021/12/4, 54, , 47, , 6, 7
2021/12/5, 46, , 46, , 5, 8
2021/12/6, 43, , 42, , 7, 8
2021/12/7, 47, , 35, , 7, 8
2021/12/8, 51, , 33, , 6, 8
2021/12/9, 53, , 41, , 5, 7
2021/12/10, 44, , 40, , 4, 8
2021/12/11, 53, , 40, , 4, 8
2021/12/12, 40, , 25, , 3, 5
2021/12/13, 17, , 22, , 3, 7
2021/12/14, 21, , 21, , 3, 6
2021/12/15, 29, , 34, , 4, 6
2021/12/16, 41, , 28, , 3, 6
2021/12/17, 33, , 20, , 4, 6
2021/12/18, 29, , 26, , 5, 4
2021/12/19, 38, , , , , 
2021/12/21, 58, , 18, , 5, 6
2021/12/22, 24, , 42, , 5, 5
2021/12/23, 30, , 51, , 7, 5
2021/12/24, 49, , 50, , 7, 5
2021/12/25, 43, , 46, , 8, 4
2021/12/26, 43, , 45, , 11, 5
2021/12/27, 55, , 58, , 8, 6
2021/12/28, 47, , 63, , 10, 5
2021/12/29, 52, , 40, , 7, 5
2021/12/30, 57, , 51, , 10, 5
2021/12/31, 53, , 58, , 8, 5
2022/1/1, 26, , 59, , 8, 5
2021/7/2, 42, , 30, , 6, 7
2021/7/3, 47, , 31, , 3, 6
2021/7/4, 39, , 38, , 3, 4
2021/7/5, 29, , 51, , 5, 4
2021/7/6, 37, , 18, , 6, 4
2021/7/7, 15, , , , , 
2021/8/6, 53, , 35, , 7, 6
2021/8/7, 48, , 35, , 5, 6
2021/8/8, 53, , 47, , 5, 5
2021/8/9, 56, , 46, , 5, 6
2021/8/10, 57, , 38, , 7, 6
2021/8/11, 52, , 34, , 6, 7
2021/8/12, 55, , 31, , 10, 6
2021/8/13, 52, , 43, , 4, 6
2021/8/14, 50, , 51, , 5, 10
2021/8/15, 72, , 45, , 4, 7
2021/8/16, 56, , 48, , 3, 6
2021/8/17, 44, , 34, , 5, 6
2021/8/18, 45, , 36, , 7, 7
2021/8/19, 55, , 42, , 5, 7
2021/8/20, 53, , 69, , 6, 6
2021/8/21, 46, , 35, , 7, 8
2021/8/22, 62, , 39, , 5, 7
2021/8/23, 55, , 42, , 5, 7
2021/8/24, 46, , 46, , 8, 5
2021/8/25, 48, , 38, , 4, 6
2021/8/26, 39, , 35, , 6, 6
2021/8/27, 54, , 34, , 11, 6
2021/8/28, 63, , 35, , 8, 7
2021/8/29, 62, , 35, , 7, 7
2021/8/30, 53, , 32, , 9, 7
2021/8/31, 58, , 53, , 5, 9
2021/9/1, 62, , 41, , 6, 8
2021/9/2, 58, , 37, , 6, 7
2021/9/3, 47, , 39, , 6, 8
2021/9/4, 52, , 45, , 7, 6
2021/9/5, 43, , 50, , 6, 6
2021/9/6, 39, , 27, , 5, 9
2021/9/7, 40, , 44, , 7, 9
2021/9/8, 56, , 47, , 8, 8
2021/9/9, 54, , 40, , 8, 8
2021/9/10, 52, , 51, , 8, 7
2021/9/11, 49, , 47, , 5, 6
2021/9/12, 50, , 43, , 4, 6
2021/9/13, 42, , 46, , 8, 6
2021/9/14, 47, , 57, , 9, 5
2021/9/15, 39, , 52, , 7, 6
2021/9/16, 42, , 53, , 6, 7
2021/9/17, 45, , 67, , 4, 6
2021/9/18, 40, , 55, , 5, 7
2021/9/19, 52, , 60, , 8, 6
2021/9/20, 51, , 47, , 7, 6
2021/9/21, 46, , 38, , 13, 7
2021/9/22, 61, , 33, , 20, 7
2021/9/23, 63, , 49, , 6, 6
2021/9/24, 47, , 45, , 6, 8
2021/9/25, 43, , 70, , 4, 7
2021/9/26, 39, , 69, , 4, 6
2021/9/27, 31, , 68, , 7, 6
2021/9/28, 36, , 54, , 9, 6
2021/9/29, 45, , 28, , 13, 7
2021/9/30, 46, , 36, , 9, 8
2021/10/1, 43, , 27, , 17, 9
2021/4/2, 43, , 40, , 6, 5
2021/4/3, 38, , 40, , 3, 4
2021/4/4, 36, , 33, , 2, 5
2021/4/5, 39, , 27, , 4, 5
2021/4/6, 41, , 38, , 5, 6
2021/4/7, 52, , 42, , 6, 6
2021/4/8, 51, , 42, , 2, 3
2021/4/9, 32, , 39, , 7, 5
2021/4/10, 49, , 49, , 4, 5
2021/4/11, 46, , 47, , 5, 5
2021/4/12, 41, , 31, , 6, 6
2021/4/13, 36, , 32, , 6, 5
2021/4/14, 31, , 37, , 3, 4
2021/4/15, 46, , 31, , 6, 6
2021/4/16, 56, , 63, , 6, 5
2021/4/17, 40, , 19, , 8, 8
2021/4/18, 65, , 43, , 5, 6
2021/4/19, 48, , 23, , 3, 7
2021/4/20, 40, , 32, , 6, 7
2021/4/21, 56, , 42, , 5, 6
2021/4/22, 39, , 42, , 8, 7
2021/4/23, 62, , 46, , 5, 6
2021/4/24, 47, , 51, , 4, 4
2021/4/25, 39, , 45, , 4, 4
2021/4/26, 44, , 37, , 3, 5
2021/4/27, 31, , 34, , 4, 6
2021/4/28, 37, , 36, , 3, 6
2021/4/29, 39, , 39, , 5, 7
2021/4/30, 54, , 24, , 4, 6
2021/5/1, 33, , 32, , 5, 4
2021/5/2, 34, , 30, , 5, 4
2021/5/3, 37, , 34, , 4, 7
2021/5/4, 37, , 44, , 6, 6
2021/5/5, 39, , 46, , 6, 6
2021/5/6, 50, , 36, , 4, 6
2021/5/7, 37, , 55, , 5, 6
2021/5/8, 52, , 32, , 7, 5
2021/5/9, 45, , 25, , 3, 4
2021/5/10, 34, , 17, , 4, 5
2021/5/11, 29, , 19, , 3, 6
2021/5/12, 33, , 21, , 4, 6
2021/5/13, 52, , 21, , 6, 6
2021/5/14, 47, , 38, , 2, 5
2021/5/15, 46, , 35, , 5, 5
2021/5/16, 50, , 27, , 1, 4
2021/5/17, 33, , 24, , 2, 5
2021/5/18, 30, , 26, , 4, 7
2021/5/19, 44, , 37, , 4, 6
2021/5/20, 42, , 36, , 4, 6
2021/5/21, 42, , 35, , 9, 6
2021/5/22, 49, , 25, , 2, 5
2021/5/23, 35, , 29, , 1, 5
2021/5/24, 27, , 33, , 1, 5
2021/5/25, 36, , 32, , 3, 6
2021/5/26, 44, , 31, , 3, 6
2021/5/27, 48, , 28, , 3, 6
2021/5/28, 46, , 50, , 4, 6
2021/5/29, 50, , 47, , 3, 6
2021/5/30, 50, , 32, , 3, 7
2021/5/31, 59, , 21, , 5, 8
2021/6/1, 55, , 32, , 5, 8
2021/6/2, 60, , 51, , 5, 6
2021/6/3, 58, , 41, , 6, 6
2021/6/4, 43, , 36, , 10, 10
2021/6/5, 52, , 37, , 6, 7
2021/6/6, 59, , 32, , 4, 5
2021/6/7, 38, , 27, , 4, 5
2021/6/8, 38, , 23, , 5, 5
2021/6/9, 42, , 39, , 3, 5
2021/6/10, 39, , 40, , 5, 6
2021/6/11, 47, , 36, , 6, 6
2021/6/12, 62, , 43, , 6, 7
2021/6/13, 58, , 26, , 5, 6
2021/6/14, 30, , 29, , 6, 9
2021/6/15, 59, , 17, , 4, 7
2021/6/16, 35, , 30, , 8, 9
2021/6/17, 57, , 27, , 6, 6
2021/6/18, 42, , 28, , 9, 6
2021/6/19, 53, , 13, , 5, 5
2021/6/20, 35, , , , , 
2021/6/22, 46, , 30, , 8, 5
2021/6/23, 37, , 36, , 6, 6
2021/6/24, 47, , 36, , 7, 6
2021/6/25, 50, , 45, , 4, 4
2021/6/26, 35, , 35, , 5, 6
2021/6/27, 49, , 42, , 4, 6
2021/6/28, 47, , 30, , 6, 7
2021/6/29, 51, , 36, , 5, 6
2021/6/30, 43, , 26, , 4, 5
2021/7/1, 32, , 32, , 5, 5
2021/3/10, 40, , 25, , 2, 6
2021/3/11, 43, , 31, , 1, 6
2021/3/12, 52, , 22, , 3, 7
2021/3/13, 47, , 33, , 1, 6
2021/4/1, 18, , 37, , 7, 5
2020/4/2, 22, , 34, , 3, 4
2020/4/3, 37, , 35, , 3, 3
2020/4/4, 42, , 39, , 4, 3
2020/4/5, 42, , 32, , 5, 4
2020/4/6, 33, , 33, , 5, 3
2020/4/7, 30, , 35, , 4, 3
2020/4/8, 30, , 33, , 5, 3
2020/4/9, 31, , 37, , 4, 4
2020/4/10, 39, , 36, , 2, 4
2020/4/11, 32, , 28, , , 4
2020/4/12, 26, , 31, , 2, 5
2020/4/13, 32, , 42, , 1, 5
2020/4/14, 28, , 36, , 1, 4
2020/4/15, 21, , 44, , 1, 5
2020/4/16, 26, , 38, , 3, 6
2020/4/17, 38, , 61, , 2, 6
2020/4/18, 47, , 51, , , 6
2020/4/19, 44, , 39, , 1, 5
2020/4/20, 39, , 35, , 2, 5
2020/4/21, 37, , 36, , 2, 5
2020/4/22, 37, , 42, , 3, 5
2020/4/23, 35, , 32, , 1, 4
2020/4/24, 38, , 35, , 1, 4
2020/4/25, 38, , 36, , 1, 4
2020/4/26, 40, , 42, , 2, 4
2020/4/27, 56, , 37, , 3, 6
2020/4/28, 49, , 41, , 4, 5
2020/4/29, 61, , 45, , 3, 5
2020/4/30, 55, , 34, , 3, 5
2020/5/1, 48, , 27, , 3, 5
2020/5/2, 48, , 28, , 2, 5
2020/5/3, 50, , 29, , 4, 4
2020/5/4, 39, , 31, , 5, 5
2020/5/5, 43, , 27, , 4, 5
2020/5/6, 42, , 33, , 3, 5
2020/5/7, 48, , 27, , 3, 5
2020/5/8, 50, , 28, , 2, 5
2020/5/9, 51, , 25, , 4, 4
2020/5/10, 43, , 30, , 3, 4
2020/5/11, 45, , 34, , 4, 5
2020/5/12, 40, , 32, , 5, 5
2020/5/13, 40, , 31, , 3, 5
2020/5/14, 55, , 50, , 6, 6
2020/5/15, 60, , 39, , 4, 5
2020/5/16, 53, , 25, , 3, 5
2020/5/17, 48, , 16, , 2, 5
2020/5/18, 45, , 32, , 3, 5
2020/5/19, 37, , 9, , 11, 9
2020/5/20, 35, , , , , 
2020/1/4, 27, , 44, , 3, 5
2020/1/5, 40, , 58, , 4, 5
2020/1/6, 27, , 41, , 2, 4
2020/1/7, 30, , 39, , 3, 5
2020/1/8, 38, 15, 58, , 5, 5
2020/1/9, 48, 12, 57, , 5, 5
2020/1/10, 50, 11, 30, , 9, 8
2020/1/11, 44, 13, 28, , 6, 7
2020/1/12, 42, 9, 28, , 5, 6
2020/1/13, 29, 6, 26, , 3, 5
2020/1/14, 40, , 29, , 6, 7
2020/1/15, 49, , 39, , 7, 7
2020/1/16, 55, , 30, , 6, 7
2020/1/17, 45, , 23, , 5, 8
2020/1/18, 44, , 25, , 6, 8
2020/1/19, 26, , 25, , 4, 6
2020/1/20, 33, , 25, , 6, 6
2020/1/21, 42, , 33, , 4, 7
2020/1/22, 30, , 25, , 3, 6
2020/1/23, 25, , 28, , 3, 5
2020/1/24, 26, , 42, , 3, 5
2020/1/25, 33, , 35, , 4, 7
2020/1/26, 45, , 44, , 7, 7
2020/1/27, 41, , 34, , 5, 6
2020/1/28, 24, , 36, , 2, 5
2020/1/29, 51, , 31, , 7, 8
2020/1/30, 34, , 27, , 3, 4
2020/1/31, 53, , 46, , 7, 6
2020/2/1, 63, , 41, , 5, 6
2020/2/2, 75, , 23, , 9, 8
2020/2/3, 55, , 39, , 5, 5
2020/2/4, 40, , 38, , 4, 5
2020/2/5, 38, , 44, , 4, 4
2020/2/6, 52, , 64, , 8, 4
2020/2/7, 53, , 62, , 8, 4
2020/2/8, 74, , 56, , 8, 6
2020/2/13, 69, , 36, , 7, 6
2020/2/14, 60, , 35, , 10, 6
2020/2/15, 71, , 51, , 12, 7
2020/2/16, 62, , 47, , 9, 6
2020/2/17, 53, , 41, , 8, 6
2020/2/18, 45, , 35, , 5, 6
2020/2/19, 52, , 38, , 8, 8
2020/2/20, 50, , 29, , 11, 6
2020/2/21, 55, , 37, , 8, 6
2020/2/22, 38, , 35, , 5, 6
2020/2/23, 49, , 43, , 4, 6
2020/2/24, 43, , 55, , 4, 6
2020/2/25, 39, , 35, , 4, 5
2020/2/26, 45, , 41, , 5, 5
2020/2/27, 28, , 32, , 3, 5
2020/2/28, 32, , 43, , 3, 5
2020/2/29, 43, , 45, , 6, 7
2020/3/1, 60, , 42, , 8, 9
2020/3/2, 49, , 57, , 6, 6
2020/3/3, 52, , 87, , 7, 6
2020/3/4, 48, , 37, , 4, 6
2020/3/5, 48, , 37, , 4, 5
2020/3/6, 53, , 40, , 4, 5
2020/3/7, 42, , 28, , 3, 6
2020/3/8, 42, , 49, , 3, 5
2020/3/9, 42, , 58, , 4, 5
2020/3/10, 45, , 44, , 4, 5
2020/3/11, 52, , 55, , 5, 6
2020/3/12, 51, , 48, , 4, 6
2020/3/13, 46, , 45, , 5, 6
2020/3/14, 34, , 52, , 3, 4
2020/3/15, 32, , 28, , 9, 4
2020/3/16, 29, , 36, , 6, 3
2020/3/17, 22, , 38, , 1, 3
2020/3/18, 27, , 56, , 2, 3
2020/3/19, 35, , 43, , 2, 3
2020/3/20, 36, , 51, , 3, 3
2020/3/21, 20, , 34, , 1, 3
2020/3/22, 25, , 37, , 1, 2
2020/3/23, 34, , 41, , 2, 2
2020/3/24, 47, , 45, , 4, 2
2020/3/25, 66, , 58, , 4, 3
2020/3/26, 80, , 47, , 5, 4
2020/3/27, 42, , 51, , 3, 3
2020/3/28, 34, , 41, , 3, 3
2020/3/29, 23, , 43, , 4, 3
2020/3/30, 34, , , , 22, 3
2019/10/2, 69, , 48, , 11, 4
2019/10/3, 54, , 36, , 14, 5
2019/10/4, 51, , 51, , 6, 5
2019/10/5, 53, , 51, , 8, 5
2019/10/6, 47, , 48, , 6, 3
2019/10/7, 37, , 36, , 11, 5
2019/10/8, 42, , 29, , 13, 6
2019/10/9, 70, , 55, , 9, 5
2019/10/10, 59, , 38, , 9, 5
2019/10/11, 56, , 39, , 5, 5
2019/10/12, 56, , 48, , 7, 4
2019/10/13, 70, , 41, , 6, 5
2019/10/14, 70, , 47, , 5, 4
2019/10/15, 44, , 36, , 5, 5
2019/10/16, 49, , 43, , 5, 4
2019/10/17, 49, , 55, , 8, 7
2019/10/18, 61, , 59, , 7, 7
2019/10/19, 69, , 4, , 7, 7
2019/10/20, 58, , , , , 
2019/10/23, 39, , 43, , 7, 6
2019/10/24, 36, , 36, , 9, 8
2019/10/25, 49, , 32, , 14, 9
2019/10/26, 67, , 28, , 12, 8
2019/10/27, 61, , 47, , 8, 6
2019/10/28, 43, , 41, , 6, 5
2019/10/29, 38, , 46, , 11, 5
2019/10/30, 43, , 25, , 9, 6
2019/10/31, 47, , 51, , 10, 6
2019/11/1, 54, , 65, , 6, 6
2019/11/2, 47, , 62, , 5, 5
2019/11/3, 35, , 57, , 4, 5
2019/11/4, 47, , 52, , 4, 4
2019/11/5, 36, , 48, , 5, 6
2019/11/6, 43, , 57, , 4, 7
2019/11/7, 46, , 38, , 7, 8
2019/11/8, 54, , 45, , 5, 5
2019/11/9, 43, , 39, , 3, 5
2019/11/10, 42, , 49, , 4, 6
2019/11/11, 45, , 32, , 3, 6
2019/11/12, 39, , 40, , 3, 5
2019/11/13, 45, , 32, , 2, 5
2019/11/14, 33, , 39, , 2, 5
2019/11/15, 35, , 25, , 2, 5
2019/11/16, 33, , 36, , 3, 4
2019/11/17, 32, , 42, , 2, 4
2019/11/18, 29, , 36, , 6, 7
2019/11/19, 50, , 38, , 6, 5
2019/11/20, 48, , 52, , 5, 6
2019/11/21, 51, , 45, , 3, 5
2019/11/22, 33, , 52, , 2, 5
2019/11/23, 37, , 56, , 3, 6
2019/11/24, 48, , 52, , 6, 6
2019/11/25, 52, , 32, , 5, 5
2019/11/26, 34, , 25, , 7, 4
2019/11/27, 49, , 24, , 4, 4
2019/11/28, 46, , 30, , 4, 5
2019/11/29, 44, , 44, , 3, 4
2019/11/30, 57, , 47, , 2, 5
2019/12/1, 39, , 43, , 3, 7
2019/12/2, 42, , 46, , 6, 7
2019/12/3, 58, , 50, , 6, 6
2019/12/4, 56, , 42, , 7, 7
2019/12/5, 58, , 44, , 6, 7
2019/12/6, 48, , 51, , 4, 6
2019/12/7, 50, , 44, , 3, 5
2019/12/8, 32, , 47, , 3, 5
2019/12/9, 29, , 45, , 8, 7
2019/12/10, 44, , 49, , 4, 5
2019/12/11, 42, , 52, , 5, 5
2019/12/12, 36, , 41, , 4, 6
2019/12/13, 37, , 52, , 5, 6
2019/12/14, 56, , 54, , 5, 6
2019/12/15, 63, , 49, , 5, 7
2019/12/16, 72, , 25, , 4, 5
2019/12/17, 18, , 50, , 6, 6
2019/12/18, 51, , 35, , 8, 7
2019/12/19, 46, , 33, , 8, 6
2019/12/20, 53, , 34, , 4, 5
2019/12/21, 50, , 35, , 6, 7
2019/12/22, 58, , 29, , 4, 5
2019/12/23, 40, , 32, , 4, 5
2019/7/2, 38, , 30, , 6, 6
2019/7/3, 51, , 44, , 7, 6
2019/7/4, 59, , 30, , 6, 6
2019/7/5, 53, , 26, , 6, 5
2019/7/6, 45, , 24, , 4, 7
2019/7/7, 46, , 25, , 3, 5
2019/7/8, 32, , 25, , 2, 5
2019/7/9, 38, , 31, , 4, 6
2019/7/10, 43, , 38, , 6, 6
2019/7/11, 43, , 40, , 5, 5
2019/7/12, 41, , 41, , 7, 6
2019/7/13, 61, , 31, , 6, 7
2019/7/14, 52, , 32, , 4, 5
2019/7/15, 36, , 36, , 2, 5
2019/7/16, 38, , 35, , 5, 7
2019/7/17, 44, , 35, , 5, 7
2019/7/18, 45, , 32, , 4, 7
2019/7/19, 38, , 35, , 4, 7
2019/7/20, 42, , 31, , 4, 6
2019/7/21, 36, , 31, , 4, 6
2019/7/22, 41, , 34, , 7, 6
2019/7/23, 44, , 27, , 6, 7
2019/7/24, 70, , 37, , 2, 5
2019/7/25, 42, , 27, , 6, 7
2019/7/26, 58, , 33, , 4, 7
2019/7/27, 47, , 34, , 6, 7
2019/7/28, 40, , 31, , 3, 6
2019/7/29, 28, , 39, , 4, 6
2019/7/30, 44, , 37, , 5, 7
2019/7/31, 45, , 36, , 5, 8
2019/8/1, 51, , 32, , 5, 6
2019/8/2, 43, , 31, , 4, 7
2019/8/3, 56, , 38, , 3, 7
2019/8/4, 52, , 34, , 4, 7
2019/8/5, 38, , 45, , 3, 7
2019/8/6, 36, , 41, , 4, 7
2019/8/7, 47, , 38, , 5, 6
2019/8/8, 40, , 39, , 4, 6
2019/8/9, 37, , 36, , 5, 6
2019/8/10, 43, , 34, , 4, 6
2019/8/11, 46, , 37, , 3, 6
2019/8/12, 38, , 42, , 4, 5
2019/8/13, 44, , 36, , 6, 5
2019/8/14, 35, , 67, , 5, 6
2019/8/15, 77, , 73, , 5, 6
2019/8/16, 79, , 63, , 4, 5
2019/8/17, 44, , 52, , 7, 6
2019/8/18, 55, , 39, , 7, 6
2019/8/19, 38, , 37, , 7, 6
2019/8/20, 46, , 35, , 7, 7
2019/8/21, 50, , 43, , 4, 6
2019/8/22, 41, , 46, , 5, 6
2019/8/23, 39, , 47, , 4, 6
2019/8/24, 40, , 44, , 4, 6
2019/8/25, 33, , 48, , 4, 5
2019/8/26, 40, , 53, , 4, 6
2019/8/27, 42, , 54, , 4, 6
2019/8/28, 34, , 48, , 4, 5
2019/8/29, 33, , 50, , 5, 6
2019/8/30, 38, , 58, , 7, 6
2019/8/31, 51, , 49, , 7, 7
2019/9/1, 61, , 18, , 8, 7
2019/9/2, 64, , 58, , 6, 6
2019/9/3, 71, , 53, , 6, 7
2019/9/4, 61, , 44, , 7, 9
2019/9/5, 65, , 41, , 5, 7
2019/9/6, 50, , 41, , 5, 7
2019/9/7, 53, , 51, , 5, 6
2019/9/8, 37, , 58, , 5, 6
2019/9/9, 37, , 47, , 5, 6
2019/9/10, 36, , 56, , 7, 6
2019/9/11, 54, , 38, , 7, 7
2019/9/12, 57, , 37, , 6, 7
2019/9/13, 70, , 48, , 5, 7
2019/9/14, 46, , 45, , 5, 6
2019/9/15, 49, , 47, , 5, 6
2019/9/16, 49, , 53, , 7, 7
2019/9/17, 71, , 49, , 10, 7
2019/9/18, 72, , 57, , 6, 7
2019/9/19, 64, , 60, , 5, 7
2019/9/20, 64, , 66, , 7, 8
2019/9/21, 85, , 65, , 9, 8
2019/9/22, 73, , 43, , 7, 5
2019/9/23, 48, , 54, , 5, 6
2019/9/24, 53, , 61, , 6, 7
2019/9/25, 50, , 59, , 8, 8
2019/9/26, 62, , 63, , 8, 6
2019/9/27, 64, , 61, , 9, 6
2019/9/28, 66, , 49, , 7, 5
2019/9/29, 62, , 45, , 8, 5
2019/9/30, 55, , 44, , 10, 6
2019/10/1, 52, , 45, , 18, 5
2019/4/2, 48, , 38, , 3, 7
2019/4/3, 36, , 35, , 4, 9
2019/4/4, 45, , 20, , 3, 8
2019/4/5, 45, , 42, , 3, 8
2019/4/6, 46, , 45, , 3, 8
2019/4/7, 41, , 63, , 5, 7
2019/4/8, 53, , 59, , 4, 9
2019/4/9, 58, , 51, , 6, 8
2019/4/10, 59, , 57, , 6, 8
2019/4/11, 51, , 45, , 6, 10
2019/4/12, 50, , 54, , 5, 8
2019/4/13, 52, , 42, , 6, 8
2019/4/14, 52, , 46, , 6, 7
2019/4/15, 46, , 34, , 6, 8
2019/4/16, 48, , 32, , 5, 8
2019/4/17, 45, , 28, , 6, 9
2019/4/18, 58, , 45, , 5, 9
2019/4/19, 48, , 35, , 2, 7
2019/4/20, 33, , 36, , 5, 8
2019/4/21, 46, , 32, , 2, 6
2019/4/22, 27, , 24, , 6, 10
2019/4/23, 43, , 50, , 5, 9
2019/4/24, 57, , 23, , 6, 11
2019/4/25, 55, , 30, , 5, 8
2019/4/26, 48, , 34, , 9, 10
2019/4/27, 62, , 29, , 9, 9
2019/4/28, 53, , 29, , 4, 7
2019/4/29, 32, , 33, , 7, 9
2019/4/30, 55, , 23, , 4, 8
2019/5/1, 49, , 38, , 6, 7
2019/5/2, 51, , 31, , 7, 9
2019/5/3, 54, , 28, , 10, 8
2019/5/4, 50, , 32, , 5, 7
2019/5/5, 46, , 31, , 4, 7
2019/5/6, 31, , 26, , 7, 8
2019/5/7, 42, , 34, , 6, 7
2019/5/8, 55, , 29, , 5, 5
2019/5/9, 41, , 26, , 4, 6
2019/5/10, 42, , 34, , 5, 6
2019/5/11, 43, , 47, , 5, 6
2019/5/12, 48, , 37, , 6, 6
2019/5/13, 44, , 13, , 9, 9
2019/5/14, 61, , 32, , 7, 8
2019/5/15, 63, , 25, , 7, 8
2019/5/16, 53, , 35, , 9, 6
2019/5/17, 50, , 42, , 4, 5
2019/5/18, 52, , 38, , 5, 5
2019/5/19, 36, , 22, , 4, 6
2019/5/20, 27, , 25, , 10, 9
2019/5/21, 49, , 34, , 9, 8
2019/5/22, 55, , 31, , 7, 7
2019/5/23, 50, , 21, , 7, 8
2019/5/24, 56, , 32, , 8, 5
2019/5/25, 46, , 40, , 5, 4
2019/5/26, 44, , 35, , 7, 4
2019/5/27, 31, , 28, , 6, 5
2019/5/28, 43, , 31, , 5, 4
2019/5/29, 41, , 35, , 2, 4
2019/5/30, 36, , 31, , 2, 4
2019/5/31, 36, , 31, , 2, 5
2019/6/1, 37, , 44, , 2, 5
2019/6/2, 40, , 27, , 4, 6
2019/6/3, 38, , 23, , 4, 7
2019/6/4, 45, , 23, , 5, 7
2019/6/5, 44, , 24, , 5, 7
2019/6/6, 42, , 31, , 5, 6
2019/6/7, 45, , 38, , 5, 6
2019/6/8, 45, , 28, , 7, 6
2019/6/9, 52, , 34, , 5, 6
2019/6/10, 42, , 29, , 3, 6
2019/6/11, 38, , 23, , 2, 5
2019/6/12, 40, , 20, , 5, 7
2019/6/13, 50, , 25, , 4, 7
2019/6/14, 72, , 25, , 4, 8
2019/6/15, 65, , 36, , 4, 7
2019/6/16, 55, , 26, , 2, 6
2019/6/17, 39, , 24, , 2, 6
2019/6/18, 32, , 27, , 4, 7
2019/6/19, 41, , 31, , 3, 7
2019/6/20, 38, , 26, , 3, 6
2019/6/21, 36, , 31, , 1, 6
2019/6/22, 33, , 31, , 1, 6
2019/6/23, 32, , 27, , 1, 5
2019/6/24, 30, , 26, , 3, 7
2019/6/25, 43, , 47, , 5, 6
2019/6/26, 56, , 35, , 5, 6
2019/6/27, 47, , 33, , 5, 6
2019/6/28, 48, , 27, , 5, 8
2019/6/29, 47, , 27, , 5, 5
2019/6/30, 43, , 31, , 1, 4
2019/7/1, 32, , 30, , 3, 5
2019/1/2, 43, , 27, , 3, 7
2019/1/3, 47, , 25, , 3, 7
2019/1/4, 52, , 27, , 6, 8
2019/1/5, 55, , 37, , 6, 6
2019/1/6, 47, , 42, , 5, 6
2019/1/7, 56, , 36, , 5, 7
2019/1/8, 56, , 24, , 4, 7
2019/1/9, 44, , 31, , 5, 6
2019/1/10, 45, , 29, , 2, 5
2019/1/11, 30, , 38, , 2, 5
2019/1/12, 29, , 46, , 4, 6
2019/1/13, 44, , 15, , 1, 5
2019/1/14, 27, , 44, , 4, 7
2019/1/15, 45, , 42, , 6, 7
2019/1/16, 52, , 37, , 7, 7
2019/1/17, 63, , 28, , 13, 9
2019/1/18, 63, , 26, , 10, 7
2019/1/19, 46, , 27, , 5, 7
2019/1/20, 44, , 25, , 2, 5
2019/1/21, 28, , 27, , 2, 6
2019/1/22, 34, , 31, , 5, 7
2019/1/23, 51, , 29, , 5, 7
2019/1/24, 43, , 26, , 4, 5
2019/1/25, 29, , 36, , 7, 7
2019/1/26, 57, , 36, , 5, 7
2019/1/27, 50, , 42, , 6, 6
2019/1/28, 36, , 35, , 6, 7
2019/1/29, 44, , 32, , 6, 7
2019/1/30, 48, , 54, , 4, 6
2019/1/31, 38, , 41, , 4, 7
2019/2/1, 39, , 43, , 3, 6
2019/2/2, 32, , 43, , 3, 5
2019/2/3, 31, , 38, , 4, 6
2019/2/4, 38, , 33, , 3, 6
2019/2/5, 31, , 29, , 3, 6
2019/2/6, 33, , 30, , 7, 8
2019/2/7, 54, , 26, , 4, 8
2019/2/8, 51, , 47, , 5, 8
2019/2/9, 54, , 37, , 5, 7
2019/2/10, 45, , 42, , 3, 6
2019/2/11, 32, , 38, , 5, 7
2019/2/12, 43, , 31, , 3, 6
2019/2/13, 38, , 26, , 4, 7
2019/2/14, 44, , 37, , 7, 7
2019/2/15, 57, , 31, , 7, 8
2019/2/16, 66, , 57, , 9, 8
2019/2/17, 70, , 57, , 7, 7
2019/2/18, 55, , 37, , 3, 7
2019/2/19, 44, , 36, , 4, 7
2019/2/20, 42, , 39, , 6, 8
2019/2/21, 42, , 32, , 10, 8
2019/2/22, 48, , 41, , 7, 7
2019/2/23, 53, , 45, , 8, 8
2019/2/24, 63, , 24, , 2, 5
2019/2/25, 25, , 41, , 4, 7
2019/2/26, 38, , 35, , 7, 7
2019/2/27, 43, , 49, , 4, 7
2019/2/28, 49, , 54, , 6, 8
2019/3/1, 55, , 56, , 6, 9
2019/3/2, 56, , , , , 
2019/3/4, 64, , 52, , 4, 5
2019/3/5, 40, , 67, , 7, 6
2019/3/6, 56, , 56, , 7, 7
2019/3/7, 63, , 41, , 8, 10
2019/3/8, 71, , 60, , 5, 9
2019/3/9, 57, , 39, , 3, 7
2019/3/10, 54, , 40, , 3, 7
2019/3/11, 50, , 40, , 5, 7
2019/3/12, 45, , 54, , 4, 7
2019/3/13, 53, , 47, , 6, 8
2019/3/14, 60, , 51, , 3, 6
2019/3/15, 43, , 46, , 6, 9
2019/3/16, 60, , 45, , 6, 8
2019/3/17, 49, , 38, , 6, 6
2019/3/18, 52, , 58, , 5, 8
2019/3/19, 52, , 35, , 3, 7
2019/3/20, 42, , 45, , 5, 8
2019/3/21, 50, , 60, , 3, 6
2019/3/22, 38, , 40, , 6, 9
2019/3/23, 44, , 59, , 6, 9
2019/3/24, 56, , 54, , 5, 9
2019/3/25, 61, , 63, , 7, 8
2019/3/26, 72, , 41, , 3, 6
2019/3/27, 54, , 74, , 6, 9
2019/3/28, 68, , 59, , 3, 8
2019/3/29, 53, , 29, , 4, 8
2019/3/30, 50, , 32, , 7, 12
2019/3/31, 66, , 53, , 6, 8
2019/4/1, 49, , 11, , 4, 8
2018/10/2, 77, , 51, , 23, 6
2018/10/3, 77, , 55, , 17, 7
2018/10/4, 81, , 32, , 15, 7
2018/10/5, 71, , 46, , 17, 6
2018/10/6, 90, , 46, , 9, 9
2018/10/7, 72, , 28, , 17, 9
2018/10/8, 62, , , , , 
2018/10/10, 66, , 23, , 18, 7
2018/10/11, 62, , 28, , 19, 6
2018/10/12, 61, , 40, , 16, 6
2018/10/13, 61, , 38, , 19, 7
2018/10/14, 71, , 41, , 18, 6
2018/10/15, 62, , 48, , 18, 6
2018/10/16, 63, , 40, , 22, 6
2018/10/17, 80, , 34, , 16, 7
2018/10/18, 91, , 36, , 14, 8
2018/10/19, 80, , 38, , 27, 8
2018/10/20, 89, , 15, , 6, 6
2018/10/21, 54, , 55, , 22, 6
2018/10/22, 69, , 42, , 23, 7
2018/10/23, 71, , 44, , 17, 7
2018/10/24, 73, , 50, , 18, 6
2018/10/25, 64, , 36, , 21, 8
2018/10/26, 81, , 27, , 23, 9
2018/10/27, 76, , 30, , 16, 8
2018/10/28, 68, , 39, , 11, 7
2018/10/29, 59, , 33, , 21, 8
2018/10/30, 70, , 15, , 17, 8
2018/10/31, 62, , , , , 
2018/11/7, 72, , 33, , 20, 4
2018/11/8, 60, , 29, , 19, 3
2018/11/9, 50, , 20, , 26, 4
2018/11/10, 44, , 22, , 16, 6
2018/11/11, 44, , 25, , 17, 6
2018/11/12, 57, , 20, , 14, 7
2018/11/13, 56, , 26, , 18, 5
2018/11/14, 58, , 33, , 13, 5
2018/11/15, 61, , 31, , 17, 5
2018/11/16, 56, , 22, , 11, 8
2018/11/17, 52, , 27, , 12, 8
2018/11/18, 70, , 38, , 4, 7
2018/11/19, 54, , 27, , 16, 7
2018/11/20, 67, , 30, , 13, 7
2018/11/21, 64, , 38, , 9, 8
2018/11/22, 70, , 45, , 4, 7
2018/11/23, 55, , 37, , 4, 5
2018/11/24, 37, , 44, , 3, 6
2018/11/25, 51, , 34, , 2, 6
2018/11/26, 50, , 28, , 4, 7
2018/11/27, 51, , 25, , 3, 7
2018/11/28, 40, , 46, , 4, 6
2018/11/29, 55, , 21, , 4, 7
2018/11/30, 49, , 25, , 1, 6
2018/12/1, 42, , 31, , 4, 6
2018/12/2, 47, , 47, , 2, 6
2018/12/3, 46, , 27, , 3, 7
2018/12/4, 56, , 28, , 3, 7
2018/12/5, 63, , 34, , 3, 6
2018/12/6, 57, , 43, , 4, 9
2018/12/7, 60, , 37, , 7, 8
2018/12/8, 65, , 31, , 2, 6
2018/12/9, 59, , 30, , 3, 6
2018/12/10, 52, , 30, , 4, 6
2018/12/11, 55, , 20, , 5, 7
2018/12/12, 58, , 18, , 2, 6
2018/12/13, 51, , 24, , 1, 7
2018/12/14, 51, , 4, , 2, 7
2018/12/15, 53, , 28, , 4, 6
2018/12/16, 50, , 29, , 2, 6
2018/12/17, 45, , 26, , 5, 8
2018/12/18, 59, , 35, , 3, 6
2018/12/19, 52, , 31, , 2, 6
2018/12/20, 51, , 26, , 3, 6
2018/12/21, 47, , 29, , 5, 7
2018/12/22, 55, , , , , 
2018/12/24, 56, , 22, , 1, 6
2018/12/25, 55, , 25, , 2, 7
2018/12/26, 44, , 24, , 2, 6
2018/12/27, 42, , 30, , 1, 5
2018/12/28, 36, , 34, , 2, 6
2018/12/29, 40, , 42, , 2, 7
2018/12/30, 51, , 40, , 1, 6
2018/12/31, 42, , , , , 
2018/8/26, 58, , 48, , 2, 5
2018/8/27, 34, , 40, , 2, 6
2018/8/28, 41, , 43, , 2, 6
2018/8/29, 39, , 35, , 5, 7
2018/8/30, 41, , 45, , 3, 6
2018/8/31, 55, , 52, , 4, 7
2018/9/1, 65, , 43, , 8, 8
2018/9/2, 60, , 46, , 4, 6
2018/9/3, 47, , 46, , 3, 6
2018/9/4, 48, , 43, , 2, 6
2018/9/5, 25, , 65, , 3, 7
2018/9/6, 61, , 48, , 5, 8
2018/9/7, 72, , 42, , 3, 6
2018/9/8, 66, , 35, , 5, 7
2018/9/9, 61, , 41, , 4, 6
2018/9/10, 46, , 46, , 3, 7
2018/9/11, 53, , 53, , 5, 7
2018/9/12, 73, , 66, , 4, 7
2018/9/13, 70, , 66, , 6, 7
2018/9/14, 59, , 38, , 2, 8
2018/9/15, 57, , 56, , 2, 7
2018/9/16, 56, , 45, , 1, 7
2018/9/17, 37, , 43, , 7, 7
2018/9/18, 49, , 49, , 6, 7
2018/9/19, 55, , 47, , 7, 7
2018/9/20, 48, , 49, , 6, 7
2018/9/21, 48, , 32, , 7, 7
2018/9/22, 47, , 53, , 5, 6
2018/9/23, 44, , 1, , 14, 9
2018/9/24, 72, , , , , 
2018/9/26, 40, , 56, , 7, 7
2018/9/27, 61, , 51, , 8, 7
2018/9/28, 58, , 61, , 6, 7
2018/9/29, 56, , 61, , 5, 6
2018/9/30, 57, , 56, , 5, 5
2018/10/1, 58, , 65, , 16, 6
2016/10/9, 47, , , , 1, 3
2016/10/10, 56, , , , 2, 2
2016/10/11, 45, , , , 2, 3
2016/10/12, 48, , , , 5, 4
2016/10/13, 59, , , , 4, 5
2016/10/14, 49, , , , 4, 6
2016/10/15, 58, , , , 9, 6
2016/10/16, 60, , , , 8, 7
2016/10/17, 63, , , , 9, 6
2016/10/18, 59, , , , 7, 6
2016/10/19, 57, , , , 4, 5
2016/10/20, 63, , , , 5, 5
2016/10/21, 60, , , , 10, 5
2016/10/22, 71, , , , , 
2016/10/25, 66, , , , 6, 4
2016/10/26, 55, , , , 6, 4
2016/10/27, 52, , , , 9, 4
2016/10/28, 60, , , , 10, 6
2016/10/29, 85, , , , 4, 5
2016/10/30, 64, , , , 4, 5
2016/10/31, 64, , , , 6, 6
2016/11/1, 74, , , , 6, 5
2016/11/2, 69, , , , 3, 5
2016/11/3, 70, , , , 6, 4
2016/11/4, 61, , , , 5, 6
2016/11/5, 63, , , , 3, 4
2016/11/6, 53, , , , 3, 5
2016/11/7, 51, , , , 5, 6
2016/11/8, 39, , , , , 
2016/7/2, 54, 38, 42, 16, 7, 7
2016/7/3, 73, 34, 38, 12, 4, 7
2016/7/4, 52, 22, 45, 10, 4, 6
2016/7/5, 50, , 37, 14, 10, 8
2016/7/6, 65, , 32, 14, 7, 7
2016/7/7, 59, 31, 32, 14, 6, 5
2016/7/8, 46, 39, 40, 17, 5, 6
2016/7/9, 44, 40, 40, 18, 5, 6
2016/7/10, 49, 29, 42, 14, 5, 4
2016/7/11, 52, 39, 43, 14, 5, 5
2016/7/12, 50, 37, 39, 20, 11, 4
2016/7/13, 63, 52, 38, 16, 9, 5
2016/7/14, 71, 39, 35, 16, 6, 5
2016/7/15, 67, 46, 47, 16, 6, 6
2016/7/16, 58, 45, 49, 16, 7, 5
2016/7/17, 57, 37, 41, 19, 10, 7
2016/7/18, 59, 19, 37, 16, 7, 6
2016/7/19, 50, 23, 38, 17, 11, 5
2016/7/20, 56, 29, 29, 22, 11, 6
2016/7/21, 64, 27, 34, 18, 8, 6
2016/7/22, 50, 33, 37, 20, 11, 7
2016/7/23, 54, 38, 47, 18, 9, 7
2016/7/24, 67, 22, 43, 11, 3, 6
2016/7/25, 47, 25, 38, 20, 9, 9
2016/7/26, 61, 22, 37, 19, 7, 9
2016/7/27, 49, 26, 31, 23, 8, 9
2016/7/28, 61, 35, 43, 20, 5, 9
2016/7/29, 69, 27, 39, 19, 7, 8
2016/7/30, 59, 38, 40, 15, 4, 7
2016/7/31, 59, , , , , 
2016/8/6, 61, 45, 57, 19, 8, 6
2016/8/7, 56, 41, 39, 16, 5, 6
2016/8/8, 56, 36, 35, 21, 8, 6
2016/8/9, 53, 45, 37, 19, 8, 6
2016/8/10, 50, 41, 41, 17, 4, 5
2016/8/11, 57, 32, 35, 18, 5, 5
2016/8/12, 55, 39, 40, 24, 16, 6
2016/8/13, 53, 41, 56, 20, 8, 6
2016/8/14, 50, 33, 44, 17, 8, 6
2016/8/15, 50, 39, 54, 23, 11, 6
2016/8/16, 62, 57, 48, 26, 29, 5
2016/8/17, 73, 43, 39, 18, 11, 4
2016/8/18, 55, 45, 45, 16, 4, 5
2016/8/19, 55, 42, 45, 19, 9, 5
2016/8/20, 70, , , , , 
2016/8/23, 32, 44, 75, 16, 3, 4
2016/8/24, 38, 37, 88, 26, 9, 5
2016/8/25, 59, 37, 52, 31, 7, 4
2016/8/26, 60, 37, 45, 19, 4, 6
2016/8/27, 63, 40, 13, 23, 8, 8
2016/8/28, 90, 41, 58, 15, 4, 5
2016/8/29, 72, 39, 28, 18, 8, 6
2016/8/30, 63, 23, 51, 16, 8, 2
2016/8/31, 58, , 38, 20, 6, 5
2016/9/1, 71, , 42, 23, 8, 6
2016/9/2, 61, , 50, 18, 8, 7
2016/9/3, 57, , 58, 23, 12, 7
2016/9/4, 77, , 47, 28, 14, 7
2016/9/5, 64, , 32, 34, 22, 8
2016/9/6, 74, , 31, 27, 10, 9
2016/9/7, 61, , 45, 25, 7, 8
2016/9/8, 56, , 59, 21, 7, 7
2016/9/9, 56, , 45, 17, 4, 8
2016/9/10, 52, , 61, 18, 6, 8
2016/9/11, 53, , 60, 15, 3, 8
2016/9/12, 47, , 35, 21, 6, 10
2016/9/13, 61, , , , , 
2016/4/2, 47, 24, 30, 27, 16, 9
2016/4/3, 49, 20, 44, 19, 7, 8
2016/4/4, 48, 41, 37, 26, 19, 9
2016/4/5, 74, 15, 39, 17, 8, 8
2016/4/6, 51, 15, 27, 22, 21, 9
2016/4/7, 65, 29, 36, 22, 21, 8
2016/4/8, 58, 26, 28, 19, 17, 8
2016/4/9, 59, 31, 30, 20, 18, 9
2016/4/10, 60, 26, 3, 18, 16, 8
2016/4/11, 62, 28, 26, 7, 16, 15
2016/4/12, 49, 24, 25, 22, 16, 6
2016/4/13, 49, 22, 42, 21, 8, 7
2016/4/14, 50, 33, 45, 17, 9, 6
2016/4/15, 54, 25, 56, 19, 6, 8
2016/4/16, 62, 30, 62, 17, 5, 8
2016/4/17, 69, 26, 31, 10, 2, 6
2016/4/18, 48, 24, 27, 14, 8, 7
2016/4/19, 61, 32, 35, 16, 13, 7
2016/4/20, 64, 23, 33, 16, 9, 7
2016/4/21, 65, 24, 31, 18, 14, 7
2016/4/22, 59, 27, 28, 18, 11, 7
2016/4/23, 62, 23, 37, 14, 6, 7
2016/4/24, 60, 21, 42, 6, 1, 6
2016/4/25, 54, 34, 43, 15, 6, 7
2016/4/26, 57, 30, 37, 22, 17, 7
2016/4/27, 60, 30, 37, 19, 8, 7
2016/4/28, 61, 21, 36, 17, 7, 7
2016/4/29, 55, 38, 35, 18, 11, 7
2016/4/30, 53, 26, 13, 11, 2, 5
2016/5/1, 51, 20, 36, 16, 8, 6
2016/5/2, 46, 25, 29, 20, 10, 7
2016/5/3, 60, 26, 34, 19, 7, 6
2016/5/4, 55, 22, 29, 19, 13, 6
2016/5/5, 67, 25, 38, 15, 7, 5
2016/5/6, 67, 28, 29, 18, 10, 7
2016/5/7, 64, 27, 38, 13, 2, 5
2016/5/8, 59, 27, 45, 9, 2, 4
2016/5/9, 51, 32, 31, 16, 8, 6
2016/5/10, 52, 26, 36, 22, 4, 6
2016/5/11, 61, 35, 54, 21, 6, 7
2016/5/12, 66, 29, 24, 16, 12, 7
2016/5/13, 58, 25, 27, 15, 6, 8
2016/5/14, 55, 24, 26, 15, 6, 5
2016/5/15, 51, 18, 27, 10, 3, 1
2016/5/16, 51, 22, 26, 14, 7, 3
2016/5/17, 51, 28, 45, 17, 9, 5
2016/5/18, 59, 27, 34, 14, 3, 5
2016/5/19, 54, 29, 33, 14, 5, 5
2016/5/20, 57, 29, 28, 15, 5, 6
2016/5/21, 69, 23, 27, 15, 4, 6
2016/5/22, 56, 24, 30, 12, 5, 6
2016/5/23, 51, 31, 28, 15, 5, 6
2016/5/24, 54, 31, 27, 14, 3, 6
2016/5/25, 58, 33, 36, 18, 8, 8
2016/5/26, 66, 24, 50, 15, 7, 8
2016/5/27, 59, 70, 43, 13, 3, 6
2016/5/28, 48, 26, 50, 14, 7, 7
2016/5/29, 56, 18, 31, 13, 3, 6
2016/5/30, 46, 35, 25, 24, 9, 10
2016/5/31, 58, 34, 45, 21, 6, 10
2016/6/1, 65, 24, 35, 18, 7, 6
2016/6/2, 62, 26, 29, 13, 3, 6
2016/6/3, 55, 28, 24, 20, 3, 8
2016/6/4, 59, 35, 37, 17, 8, 8
2016/6/5, 60, 26, 41, 11, 6, 7
2016/6/6, 48, 31, 35, 19, 4, 7
2016/6/7, 55, 32, 44, 17, 8, 8
2016/6/8, 60, 23, 31, 20, 7, 9
2016/6/9, 52, 22, 38, 15, 5, 7
2016/6/10, 57, 26, 35, 18, 9, 8
2016/6/11, 64, 25, 31, 16, 8, 8
2016/6/12, 54, 22, 33, 12, 7, 7
2016/6/13, 52, 33, 22, 14, 11, 6
2016/6/14, 54, 18, 23, 18, 15, 6
2016/6/15, 54, 28, 31, 16, 8, 6
2016/6/16, 57, 25, 30, 14, 5, 5
2016/6/17, 45, 35, 33, 18, 8, 6
2016/6/18, 53, 31, 35, 15, 6, 7
2016/6/19, 58, 24, 31, 15, 12, 7
2016/6/20, 59, 40, 32, 14, 6, 6
2016/6/21, 51, 35, 39, 20, 6, 8
2016/6/22, 60, 35, 32, 19, 8, 7
2016/6/23, 57, 39, 37, 18, 10, 7
2016/6/24, 62, 28, 29, 18, 4, 8
2016/6/25, 53, 22, 38, 14, 9, 7
2016/6/26, 65, 18, 31, 13, 7, 7
2016/6/27, 48, 16, 31, 16, 6, 8
2016/6/28, 55, 50, 36, 17, 5, 8
2016/6/29, 46, 38, 35, 13, 4, 7
2016/6/30, 47, 32, 32, 13, 4, 7
2016/7/1, 42, 30, 32, 16, 3, 7
2016/1/8, 49, , 33, 21, 10, 9
2016/1/9, 55, , 47, 18, 14, 6
2016/1/10, 48, , 28, 16, 16, 4
2016/1/11, 32, , 28, 15, 14, 5
2016/1/12, 41, , 28, 14, 16, 4
2016/1/13, 36, , 18, 12, 9, 5
2016/1/14, 29, , 34, 13, 13, 4
2016/1/15, 36, , 54, 15, 9, 6
2016/1/16, 55, , 36, 22, 21, 6
2016/1/17, 63, , 39, 14, 14, 5
2016/1/18, 60, , 38, 14, 15, 5
2016/1/19, 50, , 27, 17, 13, 4
2016/1/20, 55, , 21, 22, 20, 3
2016/1/21, 56, , 34, 20, 13, 3
2016/1/22, 68, , 57, 18, 12, 5
2016/1/23, 73, , 46, 16, 8, 5
2016/1/24, 55, , 38, 16, 12, 5
2016/1/25, 55, , 19, 20, 16, 4
2016/1/26, 45, , 57, 19, 14, 
2016/1/27, 62, , 71, 20, 13, 
2016/1/28, 68, , 48, 19, 11, 
2016/1/29, 60, , 34, 28, 26, 
2016/1/30, 78, , 39, 22, 14, 
2016/1/31, 69, , 38, 29, 18, 
2016/2/1, 61, , 49, 29, 22, 6
2016/2/2, 72, , 63, 26, 16, 9
2016/2/3, 76, , 36, 25, 10, 6
2016/2/4, 66, , 46, 27, 13, 6
2016/2/5, 74, , 41, 23, 14, 6
2016/2/6, 59, , 46, 31, 23, 7
2016/2/7, 69, , 49, 23, 16, 7
2016/2/8, 53, , 31, 23, 24, 5
2016/2/9, 58, , 23, 21, 20, 4
2016/2/10, 47, , 24, 21, 21, 5
2016/2/11, 51, , 26, 21, 18, 6
2016/2/12, 56, , 32, 28, 17, 7
2016/2/13, 57, , 38, 20, 11, 6
2016/2/14, 52, , 34, 14, 6, 5
2016/2/15, 44, , 24, 23, 22, 6
2016/2/16, 61, , 31, 26, 30, 
2016/2/17, 57, , 36, 24, 11, 
2016/2/18, 59, , 36, 25, 10, 
2016/2/19, 53, , 37, 18, 6, 
2016/2/20, 53, , 47, 19, 11, 
2016/2/21, 56, , 40, 23, 15, 
2016/2/22, 57, , 41, 27, 23, 5
2016/2/23, 53, , 27, 31, 17, 7
2016/2/24, 65, , 17, 32, 34, 6
2016/2/25, 80, , 32, 22, 17, 6
2016/2/26, 63, , 26, 17, 13, 4
2016/2/27, 46, , 41, 18, 16, 3
2016/2/28, 55, , 42, 15, 13, 2
2016/2/29, 49, , 32, 17, 16, 1
2016/3/1, 42, , 29, 21, 18, 1
2016/3/2, 53, , 31, 15, 9, 4
2016/3/3, 44, , 19, 21, 19, 8
2016/3/4, 55, , 23, 16, 13, 7
2016/3/5, 43, , 23, 21, 17, 7
2016/3/6, 48, , 32, 18, 11, 6
2016/3/7, 46, , 21, 23, 11, 8
2016/3/8, 53, , 41, 19, 14, 7
2016/3/9, 59, , 35, 25, 15, 8
2016/3/10, 65, , 51, 26, 18, 8
2016/3/11, 79, , 45, 24, 22, 6
2016/3/12, 51, , 43, 19, 14, 5
2016/3/13, 49, , 34, 19, 15, 4
2016/3/14, 49, , 43, 25, 13, 7
2016/3/15, 62, , 41, 21, 14, 5
2016/3/16, 66, 26, 37, 23, 27, 6
2016/3/17, 80, 23, 21, 16, 19, 4
2016/3/18, 66, 26, 28, 18, 16, 5
2016/3/19, 65, 24, 25, 13, 9, 4
2016/3/20, 66, 19, 24, 21, 24, 4
2016/3/21, 57, 21, 21, 19, 15, 6
2016/3/22, 68, 27, 27, 17, 10, 8
2016/3/23, 66, 33, 31, 27, 26, 8
2016/3/24, 90, 32, 35, 25, 22, 9
2016/3/25, 80, 29, 38, 21, 14, 8
2016/3/26, 65, 19, 2, 16, 12, 8
2016/3/27, 76, 32, 40, 18, 13, 8
2016/3/28, 72, 37, 42, 19, 8, 9
2016/3/29, 62, 38, 37, 27, 16, 8
2016/3/30, 73, 13, 9, 34, 29, 7
2016/3/31, 64, 39, 48, 25, 20, 8
2016/4/1, 70, 30, 29, 19, 16, 7
2015/10/2, 100, 50, 44, 30, 7, 
2015/10/3, 99, 57, 36, 29, 16, 
2015/10/4, 68, 39, 42, 26, 18, 
2015/10/5, 58, 36, 56, 26, 14, 7
2015/10/6, 50, 47, 47, 24, 7, 
2015/10/7, 55, 51, 44, 28, 9, 
2015/10/8, 60, 51, 54, 26, 6, 
2015/10/9, 56, 48, 39, 26, 12, 
2015/10/10, 67, 40, 36, 19, 9, 
2015/10/11, 63, 31, 32, 22, 7, 
2015/10/12, 66, 38, 32, 21, 9, 
2015/10/13, 66, 38, 29, 19, 6, 
2015/10/14, 53, 28, 36, 29, 2, 
2015/10/15, 55, 35, 31, 28, 4, 
2015/10/16, 55, 24, 25, 32, 5, 
2015/10/17, 63, 32, 39, 20, 2, 
2015/10/18, 52, 31, 34, 25, 8, 
2015/10/19, 58, 28, 38, 22, 4, 
2015/10/20, 45, 27, 26, 25, 4, 
2015/10/21, 69, 35, 44, 25, 5, 
2015/10/22, 74, 37, 44, 21, 6, 
2015/10/23, 66, 43, 49, 24, 6, 
2015/10/24, 79, 29, 52, 20, 7, 
2015/10/25, 61, 22, 46, 17, 4, 
2015/10/26, 52, 29, 53, 26, 5, 
2015/10/27, 67, 27, 41, 26, 5, 
2015/10/28, 69, 28, 39, 29, 11, 
2015/10/29, 68, 32, 40, 29, 11, 
2015/10/30, 62, 34, 38, 31, 11, 
2015/10/31, 65, 40, 35, 26, 10, 
2015/11/1, 63, 35, 36, 16, 6, 
2015/11/2, 58, 135, 39, 17, 9, 
2015/11/3, 80, 47, 50, 17, 9, 
2015/11/4, 75, 50, 36, 25, 11, 
2015/11/5, 74, , , , , 
2015/11/11, 61, 36, 40, 23, 13, 
2015/11/12, 57, 34, 37, 27, 22, 
2015/11/13, 71, 35, 41, 27, 18, 
2015/11/14, 68, 34, 43, 22, 23, 
2015/11/15, 62, 20, 40, 16, 9, 
2015/11/16, 48, 26, 39, 23, 11, 5
2015/11/17, 60, 33, 33, 20, 11, 
2015/11/18, 66, 30, 30, 28, 20, 
2015/11/19, 66, 35, 43, 19, 17, 
2015/11/20, 59, 38, 41, 17, 10, 
2015/11/21, 52, 37, 40, 21, 15, 
2015/11/22, 68, 38, 43, 18, 15, 
2015/11/23, 66, 43, 29, 17, 8, 
2015/11/24, 74, , , , , 
2015/7/3, 59, 37, 36, 17, 7, 
2015/7/4, 53, 37, 30, 19, 8, 
2015/7/5, 60, 28, 31, 18, 12, 
2015/7/6, 59, 28, 39, 18, 12, 
2015/7/7, 53, 29, 32, 15, 4, 
2015/7/8, 55, 24, 28, 15, 9, 
2015/7/9, 48, 30, 26, 16, 12, 
2015/7/10, 60, 27, 20, 18, 12, 
2015/7/11, 65, 25, 24, 19, 10, 
2015/7/12, 50, 24, 21, 16, 9, 
2015/7/13, 49, 23, 31, 17, 13, 4
2015/7/14, 45, 31, 28, 18, 13, 
2015/7/15, 59, 37, 19, 22, 10, 
2015/7/16, 63, 39, 29, 23, 23, 
2015/7/17, 62, 34, 40, 17, 15, 
2015/7/18, 47, 44, 27, 20, 4, 
2015/7/19, 63, 29, 44, 22, 13, 
2015/7/20, 57, 33, 32, 16, 5, 5
2015/7/21, 58, 32, 27, 17, 9, 
2015/7/22, 58, 33, 19, 17, 11, 
2015/7/23, 51, 27, 23, 14, 5, 
2015/7/24, 57, 27, 31, 16, 16, 
2015/7/25, 42, 23, 29, 14, 2, 
2015/7/26, 36, 24, 37, 13, 3, 
2015/7/27, 41, 26, 23, 13, 3, 
2015/7/28, 43, 25, 25, 12, 3, 
2015/7/29, 44, 39, 30, 14, 8, 
2015/7/30, 46, 29, 29, 15, 6, 
2015/7/31, 56, 30, 37, 17, 5, 
2015/8/1, 55, 31, 35, 17, 5, 
2015/8/2, 59, 35, 33, 16, 5, 
2015/8/3, 42, 42, 39, 12, 4, 4
2015/8/4, 35, 45, 34, 11, 1, 
2015/8/5, 44, 43, 39, 15, 2, 
2015/8/6, 37, 36, 50, 10, 1, 
2015/8/7, 41, 41, 37, 14, 2, 
2015/8/8, 53, 42, 34, 18, 5, 
2015/8/9, 62, 44, 34, 20, 12, 
2015/8/10, 55, 29, 42, 14, 10, 5
2015/8/11, 48, 32, 40, 14, 7, 
2015/8/12, 65, 37, 36, 19, 8, 
2015/8/13, 55, 30, 44, 19, 5, 
2015/8/14, 55, 39, 23, 16, 5, 
2015/8/15, 64, 47, 35, 21, 19, 
2015/8/16, 66, 48, 35, 15, 10, 
2015/8/17, 59, 39, 43, 16, 7, 4
2015/8/18, 51, 38, 55, 13, 1, 
2015/8/19, 50, 44, 46, 21, 2, 
2015/8/20, 55, 44, 40, 21, 3, 
2015/8/21, 50, 41, 44, 19, 4, 
2015/8/22, 47, 43, 50, 17, 3, 
2015/8/23, 69, 57, 45, 20, 4, 
2015/8/24, 72, 52, 36, 16, 4, 6
2015/8/25, 70, 46, 33, 20, 11, 
2015/8/26, 67, 43, 45, 22, 12, 
2015/8/27, 59, 49, 45, 19, 10, 
2015/8/28, 59, 47, 36, 21, 12, 
2015/8/29, 65, 52, 39, 24, 15, 
2015/8/30, 42, 71, 45, 19, 4, 
2015/8/31, 44, 56, 41, 15, 4, 4
2015/9/1, 50, 53, 41, 17, 3, 
2015/9/2, 46, 39, 43, 16, 5, 
2015/9/3, 47, 51, 50, 18, 3, 
2015/9/4, 62, 53, 55, 22, 7, 
2015/9/5, 70, 56, 44, 24, 4, 
2015/9/6, 65, 50, 16, 22, 7, 
2015/9/7, 66, 25, 41, 15, 2, 19
2015/9/8, 79, 54, 56, 19, 6, 
2015/9/9, 65, 56, 48, 22, 8, 
2015/9/10, 61, 47, 83, 23, 11, 
2015/9/11, 60, 52, 81, 24, 10, 
2015/9/12, 67, 57, 93, 28, 6, 
2015/9/13, 56, 67, 108, 23, 3, 
2015/9/14, 42, 86, 127, 12, 1, 6
2015/9/15, 66, 82, 91, 18, 3, 
2015/9/16, 60, 53, 59, 19, 3, 
2015/9/17, 83, 49, 62, 25, 6, 
2015/9/18, 85, 48, 52, 32, 17, 
2015/9/19, 78, 49, 14, 25, 9, 
2015/9/20, 87, 26, 60, 28, 15, 
2015/9/21, 59, 42, 55, 20, 2, 7
2015/9/22, 66, 35, 54, 26, 6, 
2015/9/23, 66, 37, 35, 17, 5, 
2015/9/24, 60, 41, 43, 19, 8, 
2015/9/25, 60, 47, 46, 22, 12, 
2015/9/26, 59, 47, 42, 19, 4, 
2015/9/27, 71, 54, 42, 23, 12, 
2015/9/28, 49, 44, 53, 17, 6, 6
2015/9/29, 71, 49, 65, 26, 11, 
2015/9/30, 88, 48, 40, 26, 6, 
2015/10/1, 84, 54, 37, 30, 11, 
2015/4/2, 57, , 34, 23, 21, 4
2015/4/3, 47, , 40, 18, 10, 4
2015/4/4, 51, , 45, 14, 6, 4
2015/4/5, 49, , 35, 17, 3, 5
2015/4/6, 45, , 23, 20, 11, 7
2015/4/7, 56, , 32, 19, 9, 
2015/4/8, 50, , 36, 22, 16, 5
2015/4/9, 51, , 30, 20, 9, 5
2015/4/10, 50, , 33, 23, 15, 7
2015/4/11, 54, , 36, 20, 13, 6
2015/4/12, 54, , 31, 16, 14, 4
2015/4/13, 43, , 33, 17, 15, 6
2015/4/14, 45, , 25, 20, 15, 
2015/4/15, 58, , 33, 24, 14, 6
2015/4/16, 62, , 26, 26, 11, 7
2015/4/17, 52, , 28, 29, 12, 8
2015/4/18, 64, , 42, 27, 10, 7
2015/4/19, 67, , 29, 28, 19, 7
2015/4/20, 62, , 29, 29, 19, 9
2015/4/21, 64, , 23, 22, 19, 
2015/4/22, 48, , 29, 18, 15, 4
2015/4/23, 56, , 24, 19, 20, 5
2015/4/24, 62, , 22, 16, 10, 5
2015/4/25, 50, , 23, 20, 22, 5
2015/4/26, 57, , 24, 19, 25, 6
2015/4/27, 58, , 24, 15, 12, 5
2015/4/28, 42, , 26, 17, 14, 
2015/4/29, 56, , 29, 20, 15, 
2015/4/30, 59, , 15, 28, 28, 
2015/5/1, 75, , , , , 
2015/5/5, 61, , 27, 28, 12, 
2015/5/6, 54, , 25, 23, 12, 7
2015/5/7, 54, , 27, 16, 8, 6
2015/5/8, 42, , 29, 16, 6, 8
2015/5/9, 48, , 23, 14, 5, 7
2015/5/10, 45, , 19, 11, 5, 7
2015/5/11, 45, , 28, 15, 7, 9
2015/5/12, 45, , 21, 20, 16, 
2015/5/13, 58, , 17, 16, 9, 4
2015/5/14, 42, , 16, 16, 10, 5
2015/5/15, 52, , 32, 18, 7, 4
2015/5/16, 59, , 24, 22, 21, 5
2015/5/17, 66, , 43, 16, 6, 5
2015/5/18, 63, , 20, 14, 10, 6
2015/5/19, 53, , 26, 17, 11, 
2015/5/20, 78, , 24, 19, 9, 7
2015/5/21, 67, , 21, 16, 11, 5
2015/5/22, 51, , 29, 19, 11, 7
2015/5/23, 65, , 27, 16, 11, 8
2015/5/24, 54, , 44, 13, 6, 6
2015/5/25, 46, , 16, 21, 15, 5
2015/5/26, 65, , 30, 18, 15, 
2015/5/27, 58, , 26, 15, 9, 
2015/5/28, 51, , 14, 18, 12, 
2015/5/29, 56, , 25, 17, 17, 
2015/5/30, 61, , 27, 18, 15, 
2015/5/31, 52, , 23, 12, 10, 
2015/6/1, 50, , 21, 14, 10, 8
2015/6/2, 41, , 29, 15, 6, 6
2015/6/3, 43, , 27, 15, 9, 5
2015/6/4, 48, , 30, 17, 7, 6
2015/6/5, 51, , 31, 18, 8, 7
2015/6/6, 54, , 33, 13, 5, 6
2015/6/7, 59, , 31, 7, 2, 4
2015/6/8, 43, , 22, 13, 9, 4
2015/6/9, 46, , 26, 15, 14, 4
2015/6/10, 56, , 26, 14, 9, 4
2015/6/11, 57, , 28, 14, 12, 5
2015/6/12, 56, , 24, 15, 10, 6
2015/6/13, 44, , 21, 12, 7, 4
2015/6/14, 45, , 35, 12, 5, 5
2015/6/15, 50, , 29, 13, 5, 5
2015/6/16, 51, , 27, 17, 7, 7
2015/6/17, 54, , 26, 14, 6, 6
2015/6/18, 47, , 25, 15, 6, 5
2015/6/19, 41, , 31, 13, 3, 4
2015/6/20, 37, , 29, 12, 5, 4
2015/6/21, 45, , 31, 11, 4, 4
2015/6/22, 49, , 25, 12, 4, 5
2015/6/23, 52, , 25, 10, 4, 4
2015/6/24, 46, , 22, 14, 8, 4
2015/6/25, 44, , 29, 15, 3, 4
2015/6/26, 37, , 29, 19, 13, 4
2015/6/27, 39, , 38, 11, 3, 3
2015/6/28, 36, , 33, 13, 5, 4
2015/6/29, 29, , 28, 13, 3, 4
2015/6/30, 38, , 34, 19, 6, 
2015/7/1, 53, 42, , 14, 5, 
2015/1/2, 91, , 29, 13, 10, 4
2015/1/3, 40, , 30, 12, 4, 5
2015/1/4, 53, , 30, 16, 21, 4
2015/1/5, 47, , 27, 23, 19, 5
2015/1/6, 56, , 36, 17, 6, 6
2015/1/7, 42, , 31, 17, 11, 5
2015/1/8, 50, , 26, 24, 32, 4
2015/1/9, 68, , 25, 17, 15, 9
2015/1/10, 53, , 27, 19, 17, 5
2015/1/11, 46, , 30, 18, 11, 6
2015/1/12, 44, , 25, 19, 20, 5
2015/1/13, 49, , 29, 18, 23, 4
2015/1/14, 56, , 34, 20, 18, 5
2015/1/15, 59, , 32, 19, 15, 5
2015/1/16, 52, , 29, 25, 17, 7
2015/1/17, 64, , 23, 25, 14, 6
2015/1/18, 49, , 28, 66, 11, 4
2015/1/19, 45, , 31, 27, 9, 4
2015/1/20, 39, , 18, 19, 12, 5
2015/1/21, 49, , 24, 16, 15, 4
2015/1/22, 47, , 23, 17, 19, 4
2015/1/23, 40, , 21, 18, 8, 5
2015/1/24, 52, , 29, 17, 12, 6
2015/1/25, 53, , 41, 11, 9, 4
2015/1/26, 47, , 24, 16, 13, 5
2015/1/27, 55, , 26, 14, 15, 
2015/1/28, 60, , 27, 14, 10, 
2015/1/29, 56, , 27, 19, 17, 
2015/1/30, 60, , 23, 20, 18, 
2015/1/31, 62, , 29, 10, 7, 
2015/2/1, 40, , 26, 12, 8, 6
2015/2/2, 62, , 26, 15, 17, 6
2015/2/3, 52, , 23, 15, 15, 4
2015/2/4, 54, , 21, 15, 11, 4
2015/2/5, 59, , 27, 15, 14, 3
2015/2/6, 53, , 30, 20, 14, 5
2015/2/7, 64, , 22, 24, 14, 5
2015/2/8, 52, , 34, 13, 6, 3
2015/2/9, 38, , 15, 10, 11, 2
2015/2/10, 27, , 31, 12, 14, 
2015/2/11, 38, , 10, 6, 2, 
2015/2/12, 26, , 31, 17, 15, 3
2015/2/13, 56, , 29, 17, 14, 4
2015/2/14, 62, , 23, 17, 12, 5
2015/2/15, 55, , 45, 12, 6, 4
2015/2/16, 52, , 45, 13, 10, 4
2015/2/17, 54, , 46, 14, 14, 
2015/2/18, 52, , 36, 16, 19, 2
2015/2/19, 48, , 14, 15, 20, 3
2015/2/20, 36, , 31, 20, 16, 3
2015/2/21, 49, , 42, 18, 13, 3
2015/2/22, 50, , 56, 18, 15, 3
2015/2/23, 53, , 47, 26, 10, 5
2015/2/24, 59, , 48, 22, 17, 
2015/2/25, 67, , 53, 22, 17, 
2015/2/26, 63, , 53, 21, 12, 
2015/2/27, 64, , 36, 28, 14, 
2015/2/28, 63, , 30, 30, 32, 
2015/3/1, 74, , 37, 22, 26, 3
2015/3/2, 54, , 24, 22, 7, 4
2015/3/3, 51, , 42, 20, 14, 
2015/3/4, 57, , 32, 21, 19, 5
2015/3/5, 49, , 44, 19, 10, 4
2015/3/6, 52, , 27, 25, 21, 5
2015/3/7, 63, , 30, 14, 8, 4
2015/3/8, 45, , 30, 17, 18, 5
2015/3/9, 61, , 25, 17, 17, 5
2015/3/10, 55, , 26, 19, 30, 
2015/3/11, 55, , 23, 20, 32, 5
2015/3/12, 59, , 27, 22, 39, 4
2015/3/13, 66, , 23, 17, 16, 4
2015/3/14, 47, , 28, 16, 12, 4
2015/3/15, 41, , 27, 15, 14, 3
2015/3/16, 44, , 27, 19, 14, 4
2015/3/17, 50, , 18, 22, 16, 
2015/3/18, 46, , 19, 18, 9, 5
2015/3/19, 38, , 23, 23, 15, 5
2015/3/20, 57, , 23, 21, 6, 4
2015/3/21, 42, , 36, 14, 11, 3
2015/3/22, 50, , 1, 17, 20, 4
2015/3/23, 54, , , , 12, 5
2014/11/2, 66, , 34, 26, 14, 5
2014/11/3, 70, , 36, 21, 16, 3
2014/11/4, 60, , 30, , 12, 4
2014/11/5, 55, , 36, , 15, 4
2014/11/6, 57, , 39, , 22, 4
2014/11/7, 65, , 43, , 11, 3
2014/11/8, 68, , 33, , 16, 4
2014/11/9, 63, , 48, , 8, 4
2014/11/10, 53, , 24, , 11, 4
2014/11/11, 51, , 31, , 9, 5
2014/11/12, 51, , 15, , 15, 3
2014/11/13, 46, , 28, 16, 13, 4
2014/11/14, 54, , 30, 19, 12, 5
2014/11/15, 51, , 35, 25, 17, 4
2014/11/16, 49, , 33, 21, 14, 4
2014/11/17, 58, , 28, 22, 12, 4
2014/11/18, 56, , 34, 21, 20, 4
2014/11/19, 56, , 25, 23, 16, 4
2014/11/20, 53, , 31, 26, 19, 4
2014/11/21, 61, , 20, 29, 21, 5
2014/11/22, 63, , 25, 23, 20, 4
2014/11/23, 57, , 31, 21, 15, 5
2014/11/24, 52, , 26, 23, 14, 6
2014/11/25, 62, , 30, 24, 18, 5
2014/11/26, 64, , 32, 19, 12, 4
2014/11/27, 50, , 30, 23, 15, 4
2014/11/28, 60, , 35, 22, 13, 5
2014/11/29, 60, , 27, 23, 24, 5
2014/11/30, 70, , 28, 19, 21, 5
2014/12/1, 56, , , , , 
2016/8/5, , 44, 48, 18, 7, 6
2016/8/22, , 64, 60, 12, 3, 4
2015/11/10, , 40, 41, 21, 13, 
2015/7/2, , 32, 25, 16, 5, 
2022/2/11, , , 33, , 16, 4
2022/1/3, , , 55, , 11, 4
2021/12/20, , , 20, , 7, 6
2022/1/2, , , 45, , 10, 4
2021/8/5, , , 50, , 3, 5
2021/6/21, , , 28, , 6, 5
2021/1/5, , , 28, , 1, 4
2021/1/6, , , 29, , 3, 4
2021/1/7, , , 35, , 3, 3
2021/1/8, , , 42, , 3, 3
2021/1/9, , , 32, , 3, 5
2021/1/10, , , 40, , 5, 4
2021/1/11, , , 41, , 4, 4
2021/1/12, , , 34, , 4, 4
2021/1/13, , , 40, , 7, 4
2021/1/14, , , 28, , 6, 4
2021/1/15, , , 39, , 6, 4
2021/1/16, , , 43, , 4, 4
2021/1/17, , , 40, , 4, 4
2021/1/18, , , 41, , 3, 3
2021/1/19, , , 39, , 5, 4
2021/1/20, , , 45, , 6, 4
2021/1/21, , , 47, , 6, 4
2021/1/22, , , 39, , 4, 4
2021/1/23, , , 27, , 4, 4
2021/1/24, , , 44, , 6, 5
2021/1/25, , , 38, , 6, 4
2021/1/26, , , 36, , 8, 5
2021/1/27, , , 36, , 4, 4
2021/1/28, , , 40, , 4, 4
2021/1/29, , , 46, , 4, 4
2021/1/30, , , 47, , 4, 4
2021/1/31, , , 41, , 4, 5
2021/2/1, , , 36, , 5, 5
2021/2/2, , , 38, , 5, 5
2021/2/3, , , 37, , 5, 4
2021/2/4, , , 37, , 6, 5
2021/2/5, , , 47, , 6, 5
2021/2/6, , , 32, , 5, 6
2021/2/7, , , 41, , 6, 6
2021/2/8, , , 39, , 5, 5
2021/2/9, , , 40, , 3, 6
2021/2/10, , , 50, , 3, 6
2021/2/11, , , 54, , 2, 5
2021/2/12, , , 43, , , 4
2021/2/13, , , 45, , , 5
2021/2/14, , , 9, , , 4
2021/2/16, , , 44, , 3, 6
2021/2/17, , , 39, , , 5
2021/2/18, , , 46, , 2, 5
2021/2/19, , , 36, , , 4
2021/2/20, , , 25, , , 5
2021/2/21, , , 34, , 3, 5
2021/2/22, , , 33, , , 5
2021/2/23, , , 28, , , 4
2021/2/24, , , 57, , 3, 5
2021/2/25, , , 35, , 2, 6
2021/2/26, , , 29, , 2, 5
2021/2/27, , , 33, , 1, 5
2021/2/28, , , 42, , 2, 6
2021/3/1, , , 44, , 1, 6
2021/3/2, , , 36, , 1, 6
2021/3/3, , , 22, , 3, 6
2021/3/4, , , 40, , 2, 6
2021/3/5, , , 46, , 3, 7
2021/3/6, , , 36, , 2, 8
2021/3/7, , , 61, , 2, 7
2021/3/8, , , 48, , 5, 6
2021/3/9, , , 31, , 2, 7
2021/3/14, , , 43, , 3, 8
2021/3/15, , , 41, , 2, 7
2021/3/16, , , 39, , 2, 6
2021/3/17, , , 43, , 5, 8
2021/3/18, , , 31, , 4, 8
2021/3/19, , , 38, , 2, 7
2021/3/20, , , 49, , 4, 11
2021/3/21, , , 42, , 3, 9
2021/3/22, , , 46, , 3, 6
2021/3/23, , , 33, , 2, 7
2021/3/24, , , 40, , 3, 8
2021/3/25, , , 58, , 6, 8
2021/3/26, , , 68, , 6, 10
2021/3/27, , , 57, , 5, 9
2021/3/28, , , 60, , 6, 10
2021/3/29, , , 53, , 4, 7
2021/3/30, , , 32, , 4, 7
2021/3/31, , , 27, , 3, 7
2020/10/2, , , 46, , 3, 5
2020/10/3, , , 54, , 17, 7
2020/10/4, , , 31, , 10, 6
2020/10/5, , , 43, , 2, 5
2020/10/6, , , 52, , 3, 6
2020/10/7, , , 68, , 3, 5
2020/10/8, , , 57, , 2, 5
2020/10/9, , , 70, , 2, 5
2020/10/10, , , 77, , 2, 6
2020/10/11, , , 83, , 2, 5
2020/10/12, , , 80, , 1, 5
2020/10/13, , , 64, , 3, 5
2020/10/14, , , 55, , 5, 6
2020/10/15, , , 51, , 3, 6
2020/10/16, , , 58, , 4, 6
2020/10/17, , , 42, , 3, 6
2020/10/18, , , 37, , 3, 7
2020/10/19, , , 47, , 3, 7
2020/10/20, , , 41, , 7, 6
2020/10/21, , , 47, , 11, 5
2020/10/22, , , 32, , 9, 5
2020/10/23, , , 37, , 8, 4
2020/10/24, , , 41, , 6, 6
2020/10/25, , , 53, , 3, 5
2020/10/26, , , 61, , 8, 5
2020/10/27, , , 45, , 10, 5
2020/10/28, , , 20, , 16, 3
2020/10/29, , , 28, , 11, 4
2020/10/30, , , 66, , 9, 4
2020/10/31, , , 42, , 9, 4
2020/11/1, , , 56, , 3, 4
2020/11/2, , , 66, , 12, 3
2020/11/3, , , 56, , 12, 3
2020/11/4, , , 54, , 13, 4
2020/11/5, , , 54, , 21, 5
2020/11/6, , , 69, , 20, 5
2020/11/7, , , 51, , 13, 5
2020/11/8, , , 52, , 9, 4
2020/11/9, , , 64, , 13, 5
2020/11/10, , , 54, , 12, 6
2020/11/11, , , 56, , 15, 4
2020/11/12, , , 44, , 16, 3
2020/11/13, , , 51, , 6, 3
2020/11/14, , , 48, , 14, 3
2020/11/15, , , 41, , 16, 3
2020/11/16, , , 46, , 12, 4
2020/11/17, , , 40, , 14, 4
2020/11/18, , , 33, , 13, 4
2020/11/19, , , 41, , 15, 4
2020/11/20, , , 22, , 7, 4
2020/11/21, , , 26, , 6, 4
2020/11/22, , , 38, , 6, 3
2020/11/23, , , 56, , 7, 5
2020/11/24, , , 31, , 7, 4
2020/11/25, , , 30, , 13, 4
2020/11/26, , , 37, , 16, 4
2020/11/27, , , 39, , 10, 5
2020/11/28, , , 28, , 8, 5
2020/11/29, , , 46, , 6, 3
2020/11/30, , , 64, , 8, 2
2020/12/1, , , 37, , 7, 3
2020/12/2, , , 36, , 14, 3
2020/12/3, , , 26, , 11, 4
2020/12/4, , , 34, , 4, 4
2020/12/5, , , 36, , 5, 5
2020/12/6, , , 37, , 4, 5
2020/12/7, , , 37, , 5, 4
2020/12/8, , , 40, , 4, 4
2020/12/9, , , 38, , 5, 5
2020/12/10, , , 40, , 6, 5
2020/12/11, , , 46, , 8, 8
2020/12/12, , , 31, , 7, 6
2020/12/13, , , 51, , 5, 4
2020/12/14, , , 48, , 12, 5
2020/12/15, , , 34, , 9, 6
2020/12/16, , , 39, , 11, 6
2020/12/17, , , 39, , 6, 5
2020/12/18, , , 20, , 5, 5
2020/12/19, , , 35, , 4, 5
2020/12/20, , , 41, , 3, 5
2020/12/21, , , 36, , 12, 5
2020/12/22, , , 32, , 22, 5
2020/12/23, , , 34, , 19, 6
2020/12/24, , , 28, , 18, 5
2020/12/25, , , 28, , 4, 5
2020/12/26, , , 39, , 8, 4
2020/12/27, , , 25, , 8, 4
2020/12/28, , , 37, , 4, 6
2020/12/29, , , 31, , 5, 6
2020/12/30, , , 43, , 6, 6
2020/12/31, , , 37, , 5, 6
2021/1/1, , , 42, , 5, 5
2021/1/2, , , 56, , 2, 4
2021/1/3, , , 45, , 2, 5
2021/1/4, , , 24, , , 
2020/7/2, , , 30, , 5, 5
2020/7/3, , , 34, , 5, 5
2020/7/4, , , 34, , 3, 4
2020/7/5, , , 38, , 4, 4
2020/7/6, , , 38, , 7, 6
2020/7/7, , , 37, , 7, 6
2020/7/8, , , 29, , 5, 6
2020/7/9, , , 34, , 8, 5
2020/7/10, , , 29, , 5, 5
2020/7/11, , , 44, , 6, 5
2020/7/12, , , 48, , 7, 4
2020/7/13, , , 57, , 8, 6
2020/7/14, , , 34, , 8, 5
2020/7/15, , , 43, , 6, 5
2020/7/16, , , 39, , 6, 4
2020/7/17, , , 46, , 4, 5
2020/7/18, , , 52, , 4, 4
2020/7/19, , , 41, , 7, 5
2020/7/20, , , 35, , 8, 5
2020/7/21, , , 32, , 5, 5
2020/7/22, , , 38, , 10, 5
2020/7/23, , , 34, , 3, 4
2020/7/24, , , 41, , 4, 4
2020/7/25, , , 35, , 5, 5
2020/7/26, , , 35, , 4, 4
2020/7/27, , , 33, , 3, 4
2020/7/28, , , 30, , 8, 4
2020/7/29, , , 35, , 11, 5
2020/7/30, , , 32, , 4, 5
2020/7/31, , , 30, , 4, 6
2020/8/1, , , 33, , 4, 4
2020/8/2, , , 37, , 5, 3
2020/8/3, , , 45, , 6, 4
2020/8/4, , , 39, , 5, 4
2020/8/5, , , 44, , 8, 5
2020/8/6, , , 39, , 5, 5
2020/8/7, , , 33, , 8, 5
2020/8/8, , , 35, , 2, 5
2020/8/9, , , 37, , 2, 4
2020/8/10, , , 36, , 2, 5
2020/8/11, , , 41, , 4, 6
2020/8/12, , , 49, , 5, 5
2020/8/13, , , 36, , 4, 5
2020/8/14, , , 36, , 3, 4
2020/8/15, , , 45, , 2, 4
2020/8/16, , , 38, , 6, 4
2020/8/17, , , 49, , 5, 4
2020/8/18, , , 56, , 1, 4
2020/8/19, , , 44, , 2, 3
2020/8/20, , , 46, , 3, 5
2020/8/21, , , 33, , 2, 5
2020/8/22, , , 32, , 5, 5
2020/8/23, , , 47, , 4, 4
2020/8/24, , , 60, , 2, 4
2020/8/25, , , 63, , 2, 3
2020/8/26, , , 50, , 1, 4
2020/8/27, , , 50, , 3, 6
2020/8/28, , , 57, , 2, 5
2020/8/29, , , 40, , 2, 6
2020/8/30, , , 37, , 2, 6
2020/8/31, , , 63, , 4, 6
2020/9/1, , , 68, , 4, 6
2020/9/2, , , 36, , 3, 8
2020/9/3, , , 46, , 3, 7
2020/9/4, , , 46, , 2, 5
2020/9/5, , , 43, , 4, 6
2020/9/6, , , 45, , 7, 5
2020/9/7, , , 57, , 3, 5
2020/9/8, , , 56, , 4, 6
2020/9/9, , , 56, , 4, 6
2020/9/10, , , 59, , 6, 7
2020/9/11, , , 56, , 5, 7
2020/9/12, , , 56, , 4, 7
2020/9/13, , , 47, , 4, 6
2020/9/14, , , 40, , 6, 6
2020/9/15, , , 46, , 7, 6
2020/9/16, , , 36, , 8, 6
2020/9/17, , , 46, , 6, 7
2020/9/18, , , 57, , 7, 6
2020/9/19, , , 57, , 6, 7
2020/9/20, , , 44, , 6, 5
2020/9/21, , , 40, , 4, 5
2020/9/22, , , 56, , 5, 5
2020/9/23, , , 57, , 7, 6
2020/9/24, , , 58, , , 
2020/10/1, , , 14, , 6, 6
2020/4/1, , , 38, , 2, 3
2020/5/22, , , 36, , 4, 4
2020/5/23, , , 30, , 6, 4
2020/5/24, , , 29, , 4, 3
2020/5/25, , , 25, , 4, 4
2020/5/26, , , 25, , 3, 4
2020/5/27, , , 27, , 3, 3
2020/5/28, , , 40, , 6, 4
2020/5/29, , , 31, , 2, 3
2020/5/30, , , 29, , 2, 3
2020/5/31, , , 30, , 2, 3
2020/6/1, , , 30, , 5, 4
2020/6/2, , , 18, , 4, 4
2020/6/3, , , 32, , 5, 7
2020/6/4, , , 38, , 7, 5
2020/6/5, , , 24, , 5, 6
2020/6/6, , , 37, , 5, 4
2020/6/7, , , 36, , 3, 4
2020/6/8, , , 36, , 5, 5
2020/6/9, , , 46, , 6, 5
2020/6/10, , , 48, , 7, 5
2020/6/11, , , 54, , 5, 5
2020/6/12, , , 40, , 5, 5
2020/6/13, , , 48, , 5, 4
2020/6/14, , , 29, , 5, 5
2020/6/15, , , 26, , 4, 4
2020/6/16, , , 31, , 6, 5
2020/6/17, , , 32, , 6, 5
2020/6/18, , , 48, , 4, 4
2020/6/19, , , 30, , 6, 6
2020/6/20, , , 18, , 3, 4
2020/6/21, , , 27, , 6, 4
2020/6/22, , , 28, , 4, 5
2020/6/23, , , 30, , 7, 5
2020/6/24, , , 36, , 8, 5
2020/6/25, , , 36, , 4, 4
2020/6/26, , , 33, , 3, 4
2020/6/27, , , 45, , 4, 4
2020/6/28, , , 51, , 6, 4
2020/6/29, , , 33, , 6, 5
2020/6/30, , , 50, , 4, 5
2020/7/1, , , 41, , 5, 5
2020/1/2, , , 34, , 2, 4
2020/1/3, , , 27, , 2, 5
2019/10/22, , , 42, , 4, 5
2019/12/24, , , 30, , 5, 7
2019/12/25, , , 49, , 3, 5
2019/12/26, , , 29, , 3, 5
2019/12/27, , , 37, , 3, 6
2019/12/28, , , 40, , 3, 6
2019/12/29, , , 44, , 3, 5
2019/1/1, , , 40, , 2, 4
2019/3/3, , , 65, , 4, 7
2018/10/9, , , 2, , 9, 9
2018/11/6, , , 49, , 34, 5
2018/12/23, , , 6, , 1, 7
2018/8/25, , , 21, , 4, 7
2018/9/25, , , 52, , 4, 6
2016/1/7, , , 10, 14, 13, 
2015/4/1, , , 35, 24, 16, 5
2015/5/4, , , 26, 28, 16, 6
2015/1/1, , , 34, 18, 20, 6
2014/11/1, , , 49, 26, 9, 6
2020/9/30, , , , , 5, 6
2016/10/8, , , , , 2, 3
2016/10/24, , , , , 3, 6
2015/3/24, , , , , 16, 
2015/3/25, , , , , 14, 4
2015/3/26, , , , , 24, 4
2015/3/27, , , , , 11, 4
2015/3/28, , , , , 13, 5
2015/3/29, , , , , 12, 5
2015/3/30, , , , , 22, 4
2015/3/31, , , , , 21, 